date,price,volume,symbol
2021-01-01,101.513172720926,9330,TECH
2021-01-02,99.75008120068176,6304,TECH
2021-01-03,99.18179062430814,7631,TECH
2021-01-04,99.06651528811949,4945,TECH
2021-01-05,97.46839077629393,2409,TECH
2021-01-06,99.32328389293139,1791,TECH
2021-01-07,102.59498722031555,7742,TECH
2021-01-08,101.84028977926083,7829,TECH
2021-01-09,101.68529787743283,6261,TECH
2021-01-10,103.50271519937601,9064,TECH
2021-01-11,104.39589023022945,3718,TECH
2021-01-12,106.75384005089911,2132,TECH
2021-01-13,113.44781667752319,7366,TECH
2021-01-14,107.8901377717635,2598,TECH
2021-01-15,105.48103320616413,2550,TECH
2021-01-16,106.56596954205166,7524,TECH
2021-01-17,106.33279429389684,3628,TECH
2021-01-18,103.84406862996151,3120,TECH
2021-01-19,102.41773612766704,9679,TECH
2021-01-20,102.9646535959605,2127,TECH
2021-01-21,101.49121117807844,6530,TECH
2021-01-22,101.97435959487247,9411,TECH
2021-01-23,100.20489705445053,4189,TECH
2021-01-24,99.16147782248284,2523,TECH
2021-01-25,93.76095813277273,1576,TECH
2021-01-26,93.59914024911448,8985,TECH
2021-01-27,89.86161037676467,8384,TECH
2021-01-28,87.68186567794703,6676,TECH
2021-01-29,86.801758897041,9585,TECH
2021-01-30,85.34065535872874,8450,TECH
2021-01-31,88.13665049058189,1256,TECH
2021-02-01,88.3133572100587,9342,TECH
2021-02-02,86.14007001586575,8841,TECH
2021-02-03,86.39706049997373,6308,TECH
2021-02-04,86.95983181900372,4697,TECH
2021-02-05,90.49145449560909,3866,TECH
2021-02-06,91.57463684638151,1196,TECH
2021-02-07,90.25504726832213,1780,TECH
2021-02-08,93.06150150863026,2749,TECH
2021-02-09,90.00588054385875,7371,TECH
2021-02-10,91.61452933736165,5891,TECH
2021-02-11,92.5303512533811,4545,TECH
2021-02-12,91.58453298543185,7489,TECH
2021-02-13,92.71427234845214,4987,TECH
2021-02-14,94.08583950989298,6099,TECH
2021-02-15,90.82174321853023,1582,TECH
2021-02-16,90.67612957643026,9895,TECH
2021-02-17,95.22005772564384,1502,TECH
2021-02-18,94.68762595316174,1071,TECH
2021-02-19,97.64157558906355,1495,TECH
2021-02-20,96.5914713278043,1999,TECH
2021-02-21,97.4209720165467,6677,TECH
2021-02-22,100.03952757743515,3468,TECH
2021-02-23,95.25235342150701,3208,TECH
2021-02-24,96.67878044247806,4097,TECH
2021-02-25,98.60178953547891,9976,TECH
2021-02-26,98.08967854734024,4919,TECH
2021-02-27,101.05584715806903,2995,TECH
2021-02-28,100.84083005856273,2768,TECH
2021-03-01,102.74681232067604,2602,TECH
2021-03-02,102.43251064068919,5159,TECH
2021-03-03,101.4415390179431,4562,TECH
2021-03-04,100.99736510598653,8988,TECH
2021-03-05,101.13062335048674,8177,TECH
2021-03-06,100.2020825649121,4492,TECH
2021-03-07,103.6589025222399,8401,TECH
2021-03-08,102.29805655386421,7020,TECH
2021-03-09,100.31854892541936,3219,TECH
2021-03-10,102.85818408189003,1464,TECH
2021-03-11,107.96155037531443,8305,TECH
2021-03-12,108.1981463873993,5282,TECH
2021-03-13,106.4977625574445,9614,TECH
2021-03-14,110.82567183510498,2652,TECH
2021-03-15,110.13198157723778,8038,TECH
2021-03-16,107.0470791918984,7387,TECH
2021-03-17,106.67367892143353,1131,TECH
2021-03-18,105.64013079501919,3554,TECH
2021-03-19,103.63053752595451,8201,TECH
2021-03-20,104.20415932167958,8323,TECH
2021-03-21,101.88139281223765,1458,TECH
2021-03-22,100.75893151831528,2187,TECH
2021-03-23,100.99615428156932,7603,TECH
2021-03-24,99.1267672401826,9187,TECH
2021-03-25,97.7496889526531,3205,TECH
2021-03-26,96.03752097604415,9111,TECH
2021-03-27,95.08386130781234,8163,TECH
2021-03-28,95.22903311676609,3418,TECH
2021-03-29,97.33835772289972,9630,TECH
2021-03-30,98.11590499744459,6921,TECH
2021-03-31,99.67626358637068,9200,TECH
2021-04-01,102.28542743818127,9049,TECH
2021-04-02,101.33590311361363,3360,TECH
2021-04-03,102.45060171571035,8582,TECH
2021-04-04,103.32521491021484,7214,TECH
2021-04-05,103.24786287584102,9244,TECH
2021-04-06,105.8708047817397,3231,TECH
2021-04-07,106.38700492089521,9789,TECH
2021-04-08,109.15449758947284,3050,TECH
2021-04-09,111.93631894771359,8894,TECH
2021-04-10,113.55963154018656,2332,TECH
2021-04-11,115.50569826850689,4269,TECH
2021-04-12,118.4774774886555,1801,TECH
2021-04-13,118.20997418974886,6814,TECH
2021-04-14,114.592003220395,2103,TECH
2021-04-15,113.87738807554506,5833,TECH
2021-04-16,115.53039036757646,6109,TECH
2021-04-17,113.81937968159461,9639,TECH
2021-04-18,115.26914284513366,2718,TECH
2021-04-19,118.72508607291795,4024,TECH
2021-04-20,117.67509755898871,4444,TECH
2021-04-21,118.76944637319598,7415,TECH
2021-04-22,119.80760972833583,3475,TECH
2021-04-23,121.65446176881002,6642,TECH
2021-04-24,122.75567732068015,6740,TECH
2021-04-25,123.52551097911469,9100,TECH
2021-04-26,125.57585338972083,2789,TECH
2021-04-27,128.15485770035616,3648,TECH
2021-04-28,124.63492436040376,7866,TECH
2021-04-29,128.93371249206817,4212,TECH
2021-04-30,127.3081502900187,6778,TECH
2021-05-01,128.598510409174,1319,TECH
2021-05-02,132.71575139446477,2125,TECH
2021-05-03,131.9066134342921,5094,TECH
2021-05-04,132.88758630694036,4480,TECH
2021-05-05,132.38580652992607,9139,TECH
2021-05-06,135.41955691426782,1847,TECH
2021-05-07,138.5055772171971,2330,TECH
2021-05-08,142.85407328607982,2570,TECH
2021-05-09,141.15140143971257,1835,TECH
2021-05-10,141.99440075728455,1408,TECH
2021-05-11,143.82587706908208,6588,TECH
2021-05-12,146.31007931137242,9909,TECH
2021-05-13,143.92739828554613,6708,TECH
2021-05-14,146.47539636596915,1285,TECH
2021-05-15,147.47339426055174,4574,TECH
2021-05-16,145.9717418128315,7166,TECH
2021-05-17,147.5248178075172,4187,TECH
2021-05-18,149.50117872801,1783,TECH
2021-05-19,150.74315885681318,3172,TECH
2021-05-20,149.10858339294148,6315,TECH
2021-05-21,151.7469932038362,8852,TECH
2021-05-22,149.77097387616877,6332,TECH
2021-05-23,146.22111436646588,5907,TECH
2021-05-24,154.39023662538435,7324,TECH
2021-05-25,153.20295713975074,2932,TECH
2021-05-26,149.41391678539833,9340,TECH
2021-05-27,147.36370155083873,4531,TECH
2021-05-28,147.54212342130063,9159,TECH
2021-05-29,151.35646244001208,5726,TECH
2021-05-30,158.96349424729902,6734,TECH
2021-05-31,161.25584239620153,1861,TECH
2021-06-01,159.35174485325012,5438,TECH
2021-06-02,157.67836225595084,3341,TECH
2021-06-03,162.75076054813033,1453,TECH
2021-06-04,159.11749465041,3377,TECH
2021-06-05,162.2149767064202,4840,TECH
2021-06-06,164.92067054144485,7689,TECH
2021-06-07,170.60518580200065,1710,TECH
2021-06-08,172.57133054434905,8801,TECH
2021-06-09,178.16443287447225,2151,TECH
2021-06-10,177.62523586123407,6098,TECH
2021-06-11,175.13724730394733,8103,TECH
2021-06-12,174.89172422669327,7502,TECH
2021-06-13,172.8470625591623,4163,TECH
2021-06-14,177.46957795722147,3030,TECH
2021-06-15,184.41864481342765,8077,TECH
2021-06-16,185.66240713251685,9670,TECH
2021-06-17,184.59032691775,5832,TECH
2021-06-18,179.39469345147535,7186,TECH
2021-06-19,185.45813807376987,9568,TECH
2021-06-20,182.74403188040367,1694,TECH
2021-06-21,187.57606294661963,1586,TECH
2021-06-22,188.82860159930914,8747,TECH
2021-06-23,188.4328976861795,9524,TECH
2021-06-24,190.892901233504,8541,TECH
2021-06-25,188.93904980537513,2924,TECH
2021-06-26,191.27497332679133,1824,TECH
2021-06-27,191.1998349325676,7527,TECH
2021-06-28,197.64897374283464,6981,TECH
2021-06-29,204.73955319188843,3276,TECH
2021-06-30,206.23293843842717,2129,TECH
2021-07-01,206.34075234900462,5686,TECH
2021-07-02,210.09809993570408,5067,TECH
2021-07-03,209.87834881782405,4776,TECH
2021-07-04,206.4413606498646,1190,TECH
2021-07-05,207.63937217610797,9749,TECH
2021-07-06,211.41993139171564,5709,TECH
2021-07-07,219.49370127856187,8971,TECH
2021-07-08,223.0679117332948,9483,TECH
2021-07-09,223.84654884208516,1870,TECH
2021-07-10,226.31672114381902,1727,TECH
2021-07-11,227.93078025833015,6572,TECH
2021-07-12,226.43439320404912,8823,TECH
2021-07-13,225.17202125413834,7793,TECH
2021-07-14,223.42985062301807,4678,TECH
2021-07-15,220.35244873072705,7362,TECH
2021-07-16,216.3720240669341,5573,TECH
2021-07-17,214.11942987061545,9158,TECH
2021-07-18,214.03102396711085,6079,TECH
2021-07-19,212.19507607300923,2374,TECH
2021-07-20,210.2654911369827,2135,TECH
2021-07-21,212.42902784650636,5615,TECH
2021-07-22,215.4514023857687,4853,TECH
2021-07-23,211.6366428786439,1988,TECH
2021-07-24,213.57365422426423,8627,TECH
2021-07-25,209.9509932522563,9141,TECH
2021-07-26,210.39212111365933,4106,TECH
2021-07-27,206.1012214634656,9097,TECH
2021-07-28,208.45075938775736,9832,TECH
2021-07-29,203.98951398668714,7735,TECH
2021-07-30,207.96698486091944,4096,TECH
2021-07-31,207.51348266793178,1771,TECH
2021-08-01,199.43109513731417,4501,TECH
2021-08-02,196.68694753801063,4241,TECH
2021-08-03,194.6239483842194,8265,TECH
2021-08-04,188.79200675618864,3695,TECH
2021-08-05,190.49915777122794,7382,TECH
2021-08-06,190.08804337331085,1425,TECH
2021-08-07,192.67508261629075,8826,TECH
2021-08-08,198.5302230963097,6611,TECH
2021-08-09,198.03571910546071,3843,TECH
2021-08-10,200.16647029072124,5009,TECH
2021-08-11,210.1011992832496,5475,TECH
2021-08-12,210.415527888346,1475,TECH
2021-08-13,213.57548048506393,3042,TECH
2021-08-14,208.0476055356446,2101,TECH
2021-08-15,207.42634287214642,9489,TECH
2021-08-16,210.11856008222574,7910,TECH
2021-08-17,209.19499096864587,6479,TECH
2021-08-18,214.59444867779447,6516,TECH
2021-08-19,220.50381147208878,4080,TECH
2021-08-20,228.43219475382668,8592,TECH
2021-08-21,224.69035939405723,6105,TECH
2021-08-22,227.0259008918452,7812,TECH
2021-08-23,226.18952910069635,4439,TECH
2021-08-24,222.52434513951553,1144,TECH
2021-08-25,221.57273713187112,3336,TECH
2021-08-26,219.8179671364074,4171,TECH
2021-08-27,222.5877117980561,4564,TECH
2021-08-28,218.93173668369434,7939,TECH
2021-08-29,213.2669560665787,3113,TECH
2021-08-30,215.86283686080856,2864,TECH
2021-08-31,227.16769841538246,9780,TECH
2021-09-01,229.1831252142661,5854,TECH
2021-09-02,237.10180650711516,3832,TECH
2021-09-03,234.47255842667437,6245,TECH
2021-09-04,233.2919317445589,5123,TECH
2021-09-05,239.472909137911,7269,TECH
2021-09-06,243.98851323312704,1913,TECH
2021-09-07,237.96180846578162,2744,TECH
2021-09-08,243.10659653298984,2611,TECH
2021-09-09,240.9693461721971,4744,TECH
2021-09-10,242.13818444889128,1327,TECH
2021-09-11,246.07205760009006,2298,TECH
2021-09-12,253.00100134477447,3888,TECH
2021-09-13,244.25242647170847,1534,TECH
2021-09-14,246.2384527615169,2389,TECH
2021-09-15,250.3880986229405,3659,TECH
2021-09-16,252.16666482447968,1438,TECH
2021-09-17,260.90686970632873,2882,TECH
2021-09-18,265.2662147873671,4861,TECH
2021-09-19,267.7777770342619,4661,TECH
2021-09-20,275.85709581979614,8658,TECH
2021-09-21,283.04990138157814,2831,TECH
2021-09-22,282.20727757157044,4406,TECH
2021-09-23,277.7726241491377,1249,TECH
2021-09-24,276.6764847923697,4228,TECH
2021-09-25,282.99236349161765,3931,TECH
2021-09-26,279.36033856516696,6257,TECH
2021-09-27,271.29161742975947,4863,TECH
2021-09-28,264.89861214389964,8196,TECH
2021-09-29,268.71710105070554,9118,TECH
2021-09-30,268.42397560954635,1916,TECH
2021-10-01,265.26566290648105,4406,TECH
2021-10-02,266.6024546950657,2512,TECH
2021-10-03,276.98976059415276,4801,TECH
2021-10-04,271.72189983065516,6616,TECH
2021-10-05,274.3539565670142,6546,TECH
2021-10-06,275.7378961998367,8362,TECH
2021-10-07,272.8135922561503,9579,TECH
2021-10-08,262.17188347687517,2973,TECH
2021-10-09,266.9132005681897,5924,TECH
2021-10-10,272.5461105987456,9144,TECH
2021-10-11,275.4518286257001,9178,TECH
2021-10-12,273.7182266833897,6967,TECH
2021-10-13,264.78688332380875,5452,TECH
2021-10-14,266.16227592901464,4851,TECH
2021-10-15,257.3935517646734,8449,TECH
2021-10-16,257.6401613323558,8499,TECH
2021-10-17,260.2607596947851,9981,TECH
2021-10-18,259.25398086901464,2094,TECH
2021-10-19,260.70037207205246,5647,TECH
2021-10-20,263.01250460568025,6160,TECH
2021-10-21,260.6404731932384,1996,TECH
2021-10-22,253.20450178079346,3644,TECH
2021-10-23,248.4509062889553,7693,TECH
2021-10-24,245.6082584437259,8450,TECH
2021-10-25,246.20441059121595,4369,TECH
2021-10-26,239.8162519016159,5237,TECH
2021-10-27,235.4653499847127,5836,TECH
2021-10-28,243.71438701020654,8779,TECH
2021-10-29,250.15978580092826,5457,TECH
2021-10-30,246.27742049942077,7349,TECH
2021-10-31,239.89670024101594,1715,TECH
2021-11-01,242.8228294799773,9212,TECH
2021-11-02,241.52320025361925,7793,TECH
2021-11-03,245.09635440634167,8470,TECH
2021-11-04,235.02361852940692,2787,TECH
2021-11-05,234.94045741962663,3487,TECH
2021-11-06,236.20492385823897,8826,TECH
2021-11-07,232.54149639431367,3570,TECH
2021-11-08,239.56421689710652,1717,TECH
2021-11-09,244.46944272879344,4864,TECH
2021-11-10,237.4487406564925,2231,TECH
2021-11-11,237.33297273799286,1086,TECH
2021-11-12,244.9187530355653,2673,TECH
2021-11-13,249.9328985741514,6156,TECH
2021-11-14,247.89672164506854,6157,TECH
2021-11-15,242.39811691961984,1450,TECH
2021-11-16,240.86598575730042,3955,TECH
2021-11-17,242.0083904490255,9904,TECH
2021-11-18,246.8482547601043,9808,TECH
2021-11-19,245.4886373675052,7898,TECH
2021-11-20,253.01968506642777,8192,TECH
2021-11-21,250.47544359562966,9954,TECH
2021-11-22,248.64553556234247,2706,TECH
2021-11-23,248.77209198662254,1365,TECH
2021-11-24,255.35240470711818,6667,TECH
2021-11-25,255.5987753060327,8824,TECH
2021-11-26,263.1847115581201,2266,TECH
2021-11-27,258.8934935669421,2016,TECH
2021-11-28,258.4355163607168,2885,TECH
2021-11-29,257.2025564726597,1284,TECH
2021-11-30,254.47362458115234,4075,TECH
2021-12-01,252.02326723826297,8078,TECH
2021-12-02,244.13642076508904,2413,TECH
2021-12-03,243.16384543303934,2446,TECH
2021-12-04,246.80713655221126,6984,TECH
2021-12-05,245.78609159087011,1444,TECH
2021-12-06,251.53967178099035,2793,TECH
2021-12-07,247.0481434135247,4021,TECH
2021-12-08,240.36324561041954,5233,TECH
2021-12-09,237.81697983525189,3946,TECH
2021-12-10,244.24670268252095,4706,TECH
2021-12-11,251.48575051956948,4574,TECH
2021-12-12,252.08463050087792,8161,TECH
2021-12-13,252.70365866314134,1140,TECH
2021-12-14,258.054718724651,4851,TECH
2021-12-15,260.1794379581454,1733,TECH
2021-12-16,259.34035380813395,1718,TECH
2021-12-17,256.9205716501107,3596,TECH
2021-12-18,259.7522875774047,9691,TECH
2021-12-19,265.7470934782264,3708,TECH
2021-12-20,269.9048884869573,3163,TECH
2021-12-21,265.03775050090235,9405,TECH
2021-12-22,260.2426339483756,9264,TECH
2021-12-23,256.08886040819664,7855,TECH
2021-12-24,250.9700912462153,4361,TECH
2021-12-25,256.6459384179108,3126,TECH
2021-12-26,255.63523714793743,4258,TECH
2021-12-27,260.18022134461944,4533,TECH
2021-12-28,256.2021255591048,6825,TECH
2021-12-29,255.48564278374704,1014,TECH
2021-12-30,254.14096213834236,1338,TECH
2021-12-31,249.522745857904,1247,TECH
2022-01-01,252.50388935656582,7225,TECH
2022-01-02,256.29935333121927,2497,TECH
2022-01-03,254.61477942926288,8314,TECH
2022-01-04,255.18023561863464,5366,TECH
2022-01-05,254.63158779772073,5175,TECH
2022-01-06,261.79535013999276,7982,TECH
2022-01-07,269.7538511944051,4463,TECH
2022-01-08,262.70452840979124,1797,TECH
2022-01-09,264.92296412131174,4339,TECH
2022-01-10,267.5740859270681,4125,TECH
2022-01-11,267.31927019320017,3085,TECH
2022-01-12,272.3212158307558,8886,TECH
2022-01-13,278.88470746881427,9849,TECH
2022-01-14,280.0789427543425,7187,TECH
2022-01-15,281.63036270240974,6455,TECH
2022-01-16,284.5160532761361,2565,TECH
2022-01-17,293.22226318122296,3029,TECH
2022-01-18,293.24302374628525,3444,TECH
2022-01-19,291.6906550739836,1560,TECH
2022-01-20,294.9185872455564,1543,TECH
2022-01-21,297.84179359089893,7679,TECH
2022-01-22,301.4611568516408,9764,TECH
2022-01-23,302.06755117072703,7825,TECH
2022-01-24,301.7724928164173,1276,TECH
2022-01-25,303.70908912813593,2753,TECH
2022-01-26,308.51670373089553,5160,TECH
2022-01-27,311.9637813296692,7530,TECH
2022-01-28,307.29353010732433,8133,TECH
2022-01-29,302.0495152356709,3183,TECH
2022-01-30,299.0741623561064,9805,TECH
2022-01-31,298.0092885347817,3568,TECH
2022-02-01,300.05147744094415,1104,TECH
2022-02-02,294.93443931647994,8537,TECH
2022-02-03,298.5695898649643,1487,TECH
2022-02-04,296.37917405640127,1317,TECH
2022-02-05,305.9473207020446,8865,TECH
2022-02-06,297.89100745708765,4833,TECH
2022-02-07,280.25734404385815,1450,TECH
2022-02-08,271.9311399382078,7580,TECH
2022-02-09,270.9075054205385,4810,TECH
2022-02-10,263.8831450329918,3382,TECH
2022-02-11,264.7328555558617,9629,TECH
2022-02-12,259.2105648559954,8126,TECH
2022-02-13,263.28800246850034,2963,TECH
2022-02-14,263.3964383906568,4475,TECH
2022-02-15,263.26725528075224,6254,TECH
2022-02-16,265.74692888140873,9299,TECH
2022-02-17,254.09329594239716,8181,TECH
2022-02-18,253.99874299814363,7097,TECH
2022-02-19,254.52765950379913,6086,TECH
2022-02-20,247.92188207737453,6303,TECH
2022-02-21,249.32334118995985,8672,TECH
2022-02-22,240.76070454075045,6822,TECH
2022-02-23,240.0394013104273,8035,TECH
2022-02-24,234.6394170752621,7742,TECH
2022-02-25,235.9064929276848,4574,TECH
2022-02-26,243.03167801933648,7571,TECH
2022-02-27,254.00263725397113,6766,TECH
2022-02-28,247.14055853541515,2661,TECH
2022-03-01,250.24767866325465,6157,TECH
2022-03-02,250.08142652341098,1039,TECH
2022-03-03,240.65565236001157,5667,TECH
2022-03-04,242.80993694894212,7820,TECH
2022-03-05,252.47640287529603,3985,TECH
2022-03-06,254.85344119236214,9624,TECH
2022-03-07,256.48442701011095,2038,TECH
2022-03-08,257.49137298760274,4197,TECH
2022-03-09,253.58611887016,3732,TECH
2022-03-10,247.41759827861318,7262,TECH
2022-03-11,250.60938421336735,5020,TECH
2022-03-12,253.28994572290605,4362,TECH
2022-03-13,253.18645931419516,8609,TECH
2022-03-14,253.47143315283543,1990,TECH
2022-03-15,258.0503000196735,8698,TECH
2022-03-16,250.36947475351377,6519,TECH
2022-03-17,242.2102008369337,3744,TECH
2022-03-18,241.04285588326096,2859,TECH
2022-03-19,242.10142513919655,9545,TECH
2022-03-20,240.7562787245714,8323,TECH
2022-03-21,239.57789163613526,2146,TECH
2022-03-22,228.23285028177338,6519,TECH
2022-03-23,223.59258314907953,6005,TECH
2022-03-24,224.83805063634645,3051,TECH
2022-03-25,221.1095001294335,1048,TECH
2022-03-26,225.7831819343857,9117,TECH
2022-03-27,227.2514332678361,7152,TECH
2022-03-28,230.27965272309538,8506,TECH
2022-03-29,224.94961181144313,2335,TECH
2022-03-30,223.57733029442045,6220,TECH
2022-03-31,222.77182124788902,6151,TECH
2022-04-01,225.10261508513702,6268,TECH
2022-04-02,232.07614534084223,2548,TECH
2022-04-03,237.17424330216335,1782,TECH
2022-04-04,227.6298034019594,6746,TECH
2022-04-05,231.92465939546935,7330,TECH
2022-04-06,225.5167014674844,9223,TECH
2022-04-07,225.56643719842634,1243,TECH
2022-04-08,221.71941418707098,3082,TECH
2022-04-09,219.1563292425654,6310,TECH
2022-04-10,215.8328224661314,9794,TECH
2022-04-11,211.94691021957027,3363,TECH
2022-04-12,211.37314606834678,7832,TECH
2022-04-13,210.08873767845424,7643,TECH
2022-04-14,207.95783529883386,4824,TECH
2022-04-15,212.83734668162154,1230,TECH
2022-04-16,213.81359586811078,7805,TECH
2022-04-17,220.4563891197126,6097,TECH
2022-04-18,218.3737572447915,1457,TECH
2022-04-19,218.97829437068572,6469,TECH
2022-04-20,214.674971740049,3790,TECH
2022-04-21,213.92040141902123,9606,TECH
2022-04-22,218.36545268331733,8364,TECH
2022-04-23,214.3099118300163,2282,TECH
2022-04-24,208.06138401952686,3662,TECH
2022-04-25,211.80273605649714,8052,TECH
2022-04-26,205.42888860601983,6909,TECH
2022-04-27,204.63283039742376,5344,TECH
2022-04-28,199.6505303604171,3811,TECH
2022-04-29,202.50360483162754,7389,TECH
2022-04-30,204.29372092775898,9402,TECH
2022-05-01,205.93133274301633,1768,TECH
2022-05-02,207.23805709551374,2143,TECH
2022-05-03,212.2889601410801,4531,TECH
2022-05-04,206.62131650266048,3505,TECH
2022-05-05,210.93371385707616,2092,TECH
2022-05-06,216.48548186005368,5037,TECH
2022-05-07,213.38706130910575,3770,TECH
2022-05-08,209.4218257862301,9445,TECH
2022-05-09,209.7830886110071,5356,TECH
2022-05-10,210.0859284351176,6740,TECH
2022-05-11,209.95366096092533,9945,TECH
2022-05-12,215.67358760403317,4324,TECH
2022-05-13,216.7183811972232,8171,TECH
2022-05-14,221.85767636206157,9730,TECH
2022-05-15,221.4970668591685,5123,TECH
2022-05-16,221.2641312494671,1885,TECH
2022-05-17,222.34439418366262,7024,TECH
2022-05-18,218.7326179142248,1856,TECH
2022-05-19,213.11489082332506,6161,TECH
2022-05-20,209.87737373275252,6593,TECH
2022-05-21,208.77947857595714,6357,TECH
2022-05-22,204.54125024081128,4324,TECH
2022-05-23,209.8321411358239,8823,TECH
2022-05-24,210.72334850740714,6792,TECH
2022-05-25,212.93435119834524,3107,TECH
2022-05-26,210.29167703526045,9447,TECH
2022-05-27,208.6294161120078,7346,TECH
2022-05-28,208.01487834622145,2791,TECH
2022-05-29,209.59493300758137,9098,TECH
2022-05-30,209.56279747998798,8387,TECH
2022-05-31,211.58631863599888,2794,TECH
2022-06-01,222.69898889345478,2644,TECH
2022-06-02,224.08366259047892,1485,TECH
2022-06-03,227.90594653904486,5618,TECH
2022-06-04,237.76531912357447,8123,TECH
2022-06-05,237.82942123240983,5733,TECH
2022-06-06,238.51120294517466,7738,TECH
2022-06-07,247.33208061610569,4380,TECH
2022-06-08,251.0191719777581,6366,TECH
2022-06-09,258.26963179213567,6848,TECH
2022-06-10,252.434398939682,5972,TECH
2022-06-11,253.21440183579404,8595,TECH
2022-06-12,256.552120953659,7938,TECH
2022-06-13,257.06240335386775,4860,TECH
2022-06-14,257.09823936648115,6021,TECH
2022-06-15,255.05397280756807,3565,TECH
2022-06-16,260.7803414185892,5047,TECH
2022-06-17,269.87859081960846,6386,TECH
2022-06-18,266.43978693796953,9755,TECH
2022-06-19,273.4334816678239,2899,TECH
2022-06-20,284.6289555848173,4478,TECH
2022-06-21,291.8021715435097,2860,TECH
2022-06-22,301.7104410191713,9137,TECH
2022-06-23,299.0315860815925,3807,TECH
2022-06-24,299.9930302741107,7979,TECH
2022-06-25,304.20478249651745,5165,TECH
2022-06-26,315.3715819926598,7392,TECH
2022-06-27,298.06736779064306,9681,TECH
2022-06-28,295.787320221464,6465,TECH
2022-06-29,287.9335113548351,2945,TECH
2022-06-30,289.63513494849843,1904,TECH
2022-07-01,289.9732944186772,6510,TECH
2022-07-02,293.7960446022106,3698,TECH
2022-07-03,298.7651618230636,4422,TECH
2022-07-04,305.53260991353335,1124,TECH
2022-07-05,296.8610413147294,5372,TECH
2022-07-06,294.6693639135408,7172,TECH
2022-07-07,284.9570741048888,3214,TECH
2022-07-08,278.7512565578384,9777,TECH
2022-07-09,284.64574174205313,7727,TECH
2022-07-10,290.0892206450213,5059,TECH
2022-07-11,289.3596708225785,8205,TECH
2022-07-12,300.6136370792773,2975,TECH
2022-07-13,295.5859183075961,4865,TECH
2022-07-14,289.93827840095105,7921,TECH
2022-07-15,281.4093283609407,8218,TECH
2022-07-16,278.9622166145684,4750,TECH
2022-07-17,283.25441057172543,6682,TECH
2022-07-18,289.0412327122021,4730,TECH
2022-07-19,295.2914927846941,9199,TECH
2022-07-20,308.0636848993604,2412,TECH
2022-07-21,306.73751515828826,4415,TECH
2022-07-22,306.69704463125805,4037,TECH
2022-07-23,313.20650601748196,5420,TECH
2022-07-24,319.4019777041939,1909,TECH
2022-07-25,319.8945105943242,2956,TECH
2022-07-26,320.835951859628,8302,TECH
2022-07-27,331.3706189029531,1110,TECH
2022-07-28,339.10720352143227,2191,TECH
2022-07-29,323.65762051227347,3644,TECH
2022-07-30,321.7276723825128,6779,TECH
2022-07-31,314.2302115376445,3502,TECH
2022-08-01,322.12109924365814,4245,TECH
2022-08-02,317.9460629666774,6005,TECH
2022-08-03,330.73434877356294,8857,TECH
2022-08-04,333.2577234917006,1069,TECH
2022-08-05,334.5869202694615,7601,TECH
2022-08-06,335.49318658007724,8664,TECH
2022-08-07,326.8286549145754,6729,TECH
2022-08-08,330.80357524585,4864,TECH
2022-08-09,327.17298021207523,6874,TECH
2022-08-10,332.6981610418049,4436,TECH
2022-08-11,341.26195166411344,2326,TECH
2022-08-12,342.4685682055387,8028,TECH
2022-08-13,341.1626833381787,6243,TECH
2022-08-14,350.8377963082954,9068,TECH
2022-08-15,353.1559872726585,6882,TECH
2022-08-16,356.0722878740812,4591,TECH
2022-08-17,365.57523902451294,7475,TECH
2022-08-18,368.9737095416001,1191,TECH
2022-08-19,371.0993973494063,2116,TECH
2022-08-20,371.42379256619455,1745,TECH
2022-08-21,371.3352416809981,2299,TECH
2022-08-22,374.0991252667373,7654,TECH
2022-08-23,377.0879435327557,7362,TECH
2022-08-24,386.3690812776543,1360,TECH
2022-08-25,388.0282122644992,6814,TECH
2022-08-26,397.9972038164282,7231,TECH
2022-08-27,397.75853102784475,1697,TECH
2022-08-28,397.0691538732347,5545,TECH
2022-08-29,388.30670937837135,3142,TECH
2022-08-30,389.5652696775809,7139,TECH
2022-08-31,388.2377645318658,1597,TECH
2022-09-01,385.3587695313061,6546,TECH
2022-09-02,380.8130792638604,1906,TECH
2022-09-03,377.8196253740226,7584,TECH
2022-09-04,375.2069099658082,9506,TECH
2022-09-05,366.59979575099135,6192,TECH
2022-09-06,367.4340345284926,5878,TECH
2022-09-07,359.2103897986273,6771,TECH
2022-09-08,359.17114028609365,6045,TECH
2022-09-09,366.9929197153532,4062,TECH
2022-09-10,358.0586346020709,4055,TECH
2022-09-11,357.6343917355425,9071,TECH
2022-09-12,362.84403538279605,8807,TECH
2022-09-13,368.1423300875812,2958,TECH
2022-09-14,365.9634457399981,3560,TECH
2022-09-15,362.3779404060502,1345,TECH
2022-09-16,365.27832667778335,4015,TECH
2022-09-17,361.1866438445838,9911,TECH
2022-09-18,361.2315810101416,7747,TECH
2022-09-19,346.45554339648254,8416,TECH
2022-09-20,352.18553006733964,9806,TECH
2022-09-21,336.3639705147441,3452,TECH
2022-09-22,346.21456139957706,8252,TECH
2022-09-23,349.88016001084577,8305,TECH
2022-09-24,359.578809015648,1277,TECH
2022-09-25,364.05315535050306,7902,TECH
2022-09-26,368.58728407766466,2586,TECH
2022-09-27,369.90210527183416,1063,TECH
2022-09-28,367.1756194074585,1518,TECH
2022-09-29,369.0189003669607,4239,TECH
2022-09-30,382.69779554592895,5889,TECH
2022-10-01,379.2946985882766,8651,TECH
2022-10-02,370.47715534289426,2606,TECH
2022-10-03,369.5458670744371,4339,TECH
2022-10-04,356.10916857939003,1908,TECH
2022-10-05,352.8694024899191,8715,TECH
2022-10-06,354.4107998736723,5101,TECH
2022-10-07,357.10622866506526,5820,TECH
2022-10-08,352.0730146220951,8356,TECH
2022-10-09,361.5451179186139,4627,TECH
2022-10-10,351.29634601259994,4511,TECH
2022-10-11,345.04676732170685,6131,TECH
2022-10-12,346.6657038264595,2322,TECH
2022-10-13,359.8156112337115,2174,TECH
2022-10-14,352.753262226963,7510,TECH
2022-10-15,349.262166574816,3791,TECH
2022-10-16,334.4048897176678,3677,TECH
2022-10-17,349.1259224540003,1050,TECH
2022-10-18,343.13162196140235,1325,TECH
2022-10-19,349.2256363915732,8073,TECH
2022-10-20,341.5545337000939,3143,TECH
2022-10-21,340.124246593028,1053,TECH
2022-10-22,332.5045290342433,3039,TECH
2022-10-23,340.9111993975215,9236,TECH
2022-10-24,356.47504073351126,5800,TECH
2022-10-25,351.4753150262821,1135,TECH
2022-10-26,340.8635865906052,7214,TECH
2022-10-27,347.3660494492202,3885,TECH
2022-10-28,349.52371335066726,6958,TECH
2022-10-29,344.39057712321784,5329,TECH
2022-10-30,353.39939229965404,2278,TECH
2022-10-31,363.60576540420226,9505,TECH
2022-11-01,360.3221769151899,3255,TECH
2022-11-02,366.73345040559104,3157,TECH
2022-11-03,351.68256191704626,6146,TECH
2022-11-04,357.3647530744123,3966,TECH
2022-11-05,358.5127668541772,9136,TECH
2022-11-06,353.2270024716271,9654,TECH
2022-11-07,357.10369631639367,1819,TECH
2022-11-08,355.6923200025936,3745,TECH
2022-11-09,355.3339276604651,5440,TECH
2022-11-10,347.12130949761615,4589,TECH
2022-11-11,342.3984825209445,3570,TECH
2022-11-12,341.00283017743163,7414,TECH
2022-11-13,336.82499507994083,3256,TECH
2022-11-14,349.1285709654712,3875,TECH
2022-11-15,362.6490214983977,2657,TECH
2022-11-16,352.18709919235766,3039,TECH
2022-11-17,351.40826290293694,1931,TECH
2022-11-18,360.7891991485158,8490,TECH
2022-11-19,366.35092117284603,5863,TECH
2022-11-20,364.91554585870034,1112,TECH
2022-11-21,358.3429317565001,4484,TECH
2022-11-22,356.81445018546214,9897,TECH
2022-11-23,363.95605994374387,1366,TECH
2022-11-24,359.5245178595469,1995,TECH
2022-11-25,350.8481904397334,2580,TECH
2022-11-26,355.13062597445077,7190,TECH
2022-11-27,353.79316747933336,3986,TECH
2022-11-28,362.9922605278124,3623,TECH
2022-11-29,362.4377096351191,3756,TECH
2022-11-30,355.17345290442705,6544,TECH
2022-12-01,352.6382458896399,2271,TECH
2022-12-02,349.83073743531367,9661,TECH
2022-12-03,353.6411585465096,9943,TECH
2022-12-04,354.21036253234234,4444,TECH
2022-12-05,365.046843869293,8602,TECH
2022-12-06,363.9560094202418,9308,TECH
2022-12-07,373.2579522861489,4556,TECH
2022-12-08,371.1192989676146,8684,TECH
2022-12-09,378.5688389557146,9026,TECH
2022-12-10,370.4894909816447,8386,TECH
2022-12-11,372.2625823169648,7958,TECH
2022-12-12,369.0543115323381,4071,TECH
2022-12-13,363.6052963281717,2023,TECH
2022-12-14,373.1976626079513,3355,TECH
2022-12-15,373.70192934679136,6707,TECH
2022-12-16,382.62856341019966,6624,TECH
2022-12-17,378.3403618062903,4360,TECH
2022-12-18,388.18200726113747,7691,TECH
2022-12-19,402.24155400803267,2203,TECH
2022-12-20,407.24070721839985,2650,TECH
2022-12-21,397.0422929826239,8877,TECH
2022-12-22,396.5335890407308,6151,TECH
2022-12-23,400.7158114104538,6689,TECH
2022-12-24,411.4282289012334,5604,TECH
2022-12-25,414.3864024969274,5718,TECH
2022-12-26,408.9967070870789,5194,TECH
2022-12-27,395.94208366079107,1266,TECH
2022-12-28,393.45499090798916,5282,TECH
2022-12-29,378.67764067408655,9041,TECH
2022-12-30,377.1437848319517,1741,TECH
2022-12-31,391.42201430751635,3172,TECH
2023-01-01,391.59259141974724,2383,TECH
2023-01-02,394.5021743341847,7712,TECH
2023-01-03,391.4651758497901,3403,TECH
2023-01-04,375.4860086015241,2221,TECH
2023-01-05,374.9131126648525,3550,TECH
2023-01-06,369.3468103327669,7163,TECH
2023-01-07,374.4207375849214,6474,TECH
2023-01-08,383.2357187824573,7984,TECH
2023-01-09,398.83205579044966,9403,TECH
2023-01-10,395.42326117236325,7356,TECH
2023-01-11,385.80848285511047,1082,TECH
2023-01-12,384.13135199148434,8446,TECH
2023-01-13,375.40857084041176,4048,TECH
2023-01-14,372.10307150877225,3158,TECH
2023-01-15,354.7878713755442,2606,TECH
2023-01-16,352.8921542117822,3661,TECH
2023-01-17,352.1335137080723,2584,TECH
2023-01-18,331.95396264192107,7789,TECH
2023-01-19,335.2499128263452,1045,TECH
2023-01-20,338.1390881127703,6131,TECH
2023-01-21,343.5528513644838,3161,TECH
2023-01-22,342.8560129656248,1339,TECH
2023-01-23,344.21034433207194,8536,TECH
2023-01-24,347.6455393348625,4377,TECH
2023-01-25,343.9268380703622,2431,TECH
2023-01-26,346.7813027236143,6288,TECH
2023-01-27,337.4187845967969,8381,TECH
2023-01-28,325.30781819328945,9371,TECH
2023-01-29,331.2231169923252,8914,TECH
2023-01-30,328.4739631553057,2536,TECH
2023-01-31,324.21863355139084,6994,TECH
2023-02-01,332.6862071905616,8048,TECH
2023-02-02,336.0148315777634,3507,TECH
2023-02-03,350.4231663763302,8011,TECH
2023-02-04,355.05288751326555,9983,TECH
2023-02-05,352.07722212726804,8473,TECH
2023-02-06,357.6364762494132,8699,TECH
2023-02-07,344.39975889392616,6107,TECH
2023-02-08,341.4944166631881,4731,TECH
2023-02-09,342.92773832932505,6680,TECH
2023-02-10,347.85989501060607,3957,TECH
2023-02-11,349.48095589917324,3603,TECH
2023-02-12,350.57840022548174,9555,TECH
2023-02-13,340.9490227504923,8784,TECH
2023-02-14,330.5753309547946,1452,TECH
2023-02-15,334.456455040284,8187,TECH
2023-02-16,335.4031455385919,2989,TECH
2023-02-17,332.4856354702796,7387,TECH
2023-02-18,342.46695721018796,7366,TECH
2023-02-19,338.8639504470478,3511,TECH
2023-02-20,331.10831605814064,4188,TECH
2023-02-21,332.7519092730111,4247,TECH
2023-02-22,329.23222978330836,4976,TECH
2023-02-23,334.6485604552658,4730,TECH
2023-02-24,346.2691918888542,4327,TECH
2023-02-25,343.50239626259673,2356,TECH
2023-02-26,356.2119424956168,8160,TECH
2023-02-27,356.54308702380774,7777,TECH
2023-02-28,358.4430720503981,5809,TECH
2023-03-01,347.90405111487394,8770,TECH
2023-03-02,338.76124668278305,6402,TECH
2023-03-03,338.68962376755013,4032,TECH
2023-03-04,342.9768431085468,3245,TECH
2023-03-05,341.9812744646694,2794,TECH
2023-03-06,342.9702367276173,4819,TECH
2023-03-07,340.29626646253695,7851,TECH
2023-03-08,338.44369093590217,1268,TECH
2023-03-09,337.5356998260341,4756,TECH
2023-03-10,335.60176761005897,9449,TECH
2023-03-11,330.69649394435436,6465,TECH
2023-03-12,321.6128171635147,3750,TECH
2023-03-13,321.1426800505598,1930,TECH
2023-03-14,323.48060053240823,1943,TECH
2023-03-15,318.0387694942413,5871,TECH
2023-03-16,318.2695060202058,6541,TECH
2023-03-17,321.7582572728277,1237,TECH
2023-03-18,325.6528657332194,3491,TECH
2023-03-19,332.97226501962234,2762,TECH
2023-03-20,334.33412923529534,8178,TECH
2023-03-21,334.12667021950097,6948,TECH
2023-03-22,345.14697683956837,1731,TECH
2023-03-23,340.017521597111,3133,TECH
2023-03-24,342.03054336100763,2850,TECH
2023-03-25,338.86350711622083,7441,TECH
2023-03-26,341.3819795920166,3379,TECH
2023-03-27,336.7475207078092,2358,TECH
2023-03-28,337.57586153395727,4764,TECH
2023-03-29,324.88830932158453,4710,TECH
2023-03-30,335.70317011835783,4581,TECH
2023-03-31,324.13381707449787,3579,TECH
2023-04-01,329.2527135732601,8462,TECH
2023-04-02,331.3724854497619,8162,TECH
2023-04-03,329.04241795719304,3500,TECH
2023-04-04,332.72873243642556,5895,TECH
2023-04-05,331.39847649797616,7344,TECH
2023-04-06,329.22443990130495,3097,TECH
2023-04-07,335.98046569654906,9419,TECH
2023-04-08,337.19223242186973,5681,TECH
2023-04-09,339.7188360501393,1596,TECH
2023-04-10,338.63214571270686,5518,TECH
2023-04-11,336.46607136600295,8890,TECH
2023-04-12,337.1022642592488,1690,TECH
2023-04-13,335.1411850638325,9044,TECH
2023-04-14,333.56007950829695,3213,TECH
2023-04-15,344.57079446929305,3176,TECH
2023-04-16,342.8479778169681,4256,TECH
2023-04-17,340.0548565981,2691,TECH
2023-04-18,338.3898044394114,5019,TECH
2023-04-19,332.3984740371801,5871,TECH
2023-04-20,331.69109426449677,2717,TECH
2023-04-21,322.5412901152207,7950,TECH
2023-04-22,323.58293601852904,2828,TECH
2023-04-23,327.44732204639246,9407,TECH
2023-04-24,328.373034314989,5968,TECH
2023-04-25,343.9411329491055,3742,TECH
2023-04-26,339.3457727418965,8298,TECH
2023-04-27,330.6445475058515,7266,TECH
2023-04-28,319.29032282648507,4151,TECH
2023-04-29,313.4736125312683,5488,TECH
2023-04-30,311.58551941743167,6673,TECH
2023-05-01,306.59704932340213,2080,TECH
2023-05-02,301.6482813041917,5108,TECH
2023-05-03,299.12157971607303,7760,TECH
2023-05-04,297.90036362646856,4020,TECH
2023-05-05,301.98171036315864,6083,TECH
2023-05-06,306.83334727190453,1290,TECH
2023-05-07,316.29051408414705,1402,TECH
2023-05-08,321.759467845199,6042,TECH
2023-05-09,319.49794742489183,5247,TECH
2023-05-10,322.76490099617257,4148,TECH
2023-05-11,323.4632286138578,7467,TECH
2023-05-12,324.4628295041432,4903,TECH
2023-05-13,331.5643071522521,4128,TECH
2023-05-14,329.4365804459806,1086,TECH
2023-05-15,324.076341694559,2952,TECH
2023-05-16,337.29636961692313,9295,TECH
2023-05-17,333.8363771365196,5348,TECH
2023-05-18,337.607548846256,1331,TECH
2023-05-19,347.4911603024729,9175,TECH
2023-05-20,361.4573787595779,3019,TECH
2023-05-21,371.18732542233903,7850,TECH
2023-05-22,363.5312819158858,3534,TECH
2023-05-23,353.7939358067828,5843,TECH
2023-05-24,358.51010737202404,9229,TECH
2023-05-25,360.3289866467857,8295,TECH
2023-05-26,364.27967702914964,5997,TECH
2023-05-27,364.02443057594513,8277,TECH
2023-05-28,359.07893261565374,6399,TECH
2023-05-29,369.14077968622615,9228,TECH
2023-05-30,357.38001908987167,9154,TECH
2023-05-31,353.3209146091565,8131,TECH
2023-06-01,349.7270402327357,2156,TECH
2023-06-02,342.51605270045513,9938,TECH
2023-06-03,344.37375141883615,5763,TECH
2023-06-04,350.2156543299626,3388,TECH
2023-06-05,357.8485440815622,9250,TECH
2023-06-06,355.56235616759767,9639,TECH
2023-06-07,343.98276530586,3575,TECH
2023-06-08,340.7933670768287,5304,TECH
2023-06-09,354.40569261123096,7806,TECH
2023-06-10,353.83537776303524,1223,TECH
2023-06-11,354.7155027678528,8471,TECH
2023-06-12,371.5708110014753,3361,TECH
2023-06-13,373.6818349106545,3889,TECH
2023-06-14,378.1840722301385,8280,TECH
2023-06-15,375.98897493124616,4546,TECH
2023-06-16,378.9488391160822,3922,TECH
2023-06-17,379.9268881888564,9907,TECH
2023-06-18,371.94455748962235,7168,TECH
2023-06-19,376.72079923972615,4959,TECH
2023-06-20,363.70668986202173,9609,TECH
2023-06-21,365.2846043295662,9985,TECH
2023-06-22,357.28573481904476,8740,TECH
2023-06-23,362.88145451128895,1901,TECH
2023-06-24,378.52608228800995,8532,TECH
2023-06-25,390.72270887614997,7865,TECH
2023-06-26,394.7876408938223,7104,TECH
2023-06-27,404.43155833881315,5501,TECH
2023-06-28,401.08139713265257,5534,TECH
2023-06-29,411.06518348523184,1741,TECH
2023-06-30,405.6147717958547,3180,TECH
2023-07-01,399.56642249294265,1251,TECH
2023-07-02,399.3729062281637,4149,TECH
2023-07-03,398.5066859610761,6876,TECH
2023-07-04,410.13257561669354,9469,TECH
2023-07-05,416.20681133503814,6651,TECH
2023-07-06,412.50485782660024,2699,TECH
2023-07-07,417.2313672842653,6041,TECH
2023-07-08,412.1329877243866,2442,TECH
2023-07-09,414.14294975705144,3379,TECH
2023-07-10,401.29664502909117,5491,TECH
2023-07-11,394.98947791913935,7720,TECH
2023-07-12,389.45770139579366,8287,TECH
2023-07-13,384.08319603224703,5941,TECH
2023-07-14,379.61115574600683,5711,TECH
2023-07-15,385.01615400466216,6566,TECH
2023-07-16,383.66019138132924,8715,TECH
2023-07-17,398.0353185107932,1514,TECH
2023-07-18,373.269185042754,9924,TECH
2023-07-19,363.12878728811273,1556,TECH
2023-07-20,372.8735231516596,3908,TECH
2023-07-21,384.03864678997036,6654,TECH
2023-07-22,376.347720776637,2311,TECH
2023-07-23,378.9002313548132,2940,TECH
2023-07-24,371.303214256371,1082,TECH
2023-07-25,379.84609854355426,3470,TECH
2023-07-26,394.3215110702189,3206,TECH
2023-07-27,395.0279935236331,3437,TECH
2023-07-28,379.2035214298923,4733,TECH
2023-07-29,371.20309141645583,7876,TECH
2023-07-30,373.3719127938208,7585,TECH
2023-07-31,376.77425178783284,5112,TECH
2023-08-01,375.5127879452466,6676,TECH
2023-08-02,382.7208711725162,8839,TECH
2023-08-03,366.75455572206175,7868,TECH
2023-08-04,366.97824776602255,9979,TECH
2023-08-05,380.09091904338254,4926,TECH
2023-08-06,395.7182977866139,9487,TECH
2023-08-07,381.9303061110755,4630,TECH
2023-08-08,381.6171189865834,6934,TECH
2023-08-09,383.611131730337,6318,TECH
2023-08-10,390.68481372884617,3964,TECH
2023-08-11,392.2754634467354,4435,TECH
2023-08-12,381.27019377874524,3794,TECH
2023-08-13,383.96051198316815,1716,TECH
2023-08-14,395.5095506257024,6049,TECH
2023-08-15,401.37583305336796,2358,TECH
2023-08-16,394.604629156643,6189,TECH
2023-08-17,392.36736715488735,5040,TECH
2023-08-18,391.1960505442437,2753,TECH
2023-08-19,370.23813983669015,4355,TECH
2023-08-20,378.0717269744169,7306,TECH
2023-08-21,375.2306807933775,3680,TECH
2023-08-22,370.0674783453346,4919,TECH
2023-08-23,378.98299180423567,4272,TECH
2023-08-24,388.8679108948105,9728,TECH
2023-08-25,377.32596439796146,7414,TECH
2023-08-26,381.48153950676,1743,TECH
2023-08-27,378.1768249811536,4299,TECH
2023-08-28,380.41262436126885,7662,TECH
2023-08-29,382.70595436798953,1380,TECH
2023-08-30,386.35884839026244,3374,TECH
2023-08-31,395.5700418720254,5391,TECH
2023-09-01,404.62032324736424,7444,TECH
2023-09-02,402.48688828105736,3068,TECH
2023-09-03,396.86261495800557,1282,TECH
2023-09-04,408.77937225173883,1246,TECH
2023-09-05,404.99854130808427,6723,TECH
2023-09-06,412.86769232227346,1149,TECH
2023-09-07,411.9902957597628,1283,TECH
2023-09-08,418.51543954628596,4993,TECH
2023-09-09,432.77154904582125,8578,TECH
2023-09-10,428.61650810592835,7361,TECH
2023-09-11,434.7485527922222,7529,TECH
2023-09-12,443.3177267940886,7833,TECH
2023-09-13,422.11211985352196,9441,TECH
2023-09-14,427.7557458387127,4642,TECH
2023-09-15,427.7901329435521,6612,TECH
2023-09-16,438.2239451824429,4279,TECH
2023-09-17,435.4831005289021,3822,TECH
2023-09-18,425.72674554334037,2683,TECH
2023-09-19,418.8849921297174,5037,TECH
2023-09-20,419.52579628989935,1232,TECH
2023-09-21,413.8880557160479,7552,TECH
2023-09-22,420.71648434495484,8143,TECH
2023-09-23,422.588678451187,5545,TECH
2023-09-24,428.17087070617623,7438,TECH
2023-09-25,438.96418441517807,1544,TECH
2023-09-26,445.03370002352545,1573,TECH
2023-09-27,445.57071674087564,9148,TECH
2023-09-28,448.1134734438138,2564,TECH
2023-09-29,442.3259988705278,2607,TECH
2023-09-30,454.4367674500786,6568,TECH
2023-10-01,449.7854244298303,3984,TECH
2023-10-02,439.83265850935516,8028,TECH
2023-10-03,439.305460228057,8153,TECH
2023-10-04,431.2675174456233,7011,TECH
2023-10-05,447.0181491317022,3266,TECH
2023-10-06,456.14139101800976,5330,TECH
2023-10-07,469.41719440035786,4723,TECH
2023-10-08,476.4071118126118,7254,TECH
2023-10-09,490.6724616161533,4258,TECH
2023-10-10,479.3957349180091,5272,TECH
2023-10-11,502.1964288345421,6542,TECH
2023-10-12,500.18647780439693,9773,TECH
2023-10-13,504.9434635038453,4675,TECH
2023-10-14,497.40081702364876,2375,TECH
2023-10-15,498.8234264518018,2768,TECH
2023-10-16,495.9873866074105,9276,TECH
2023-10-17,515.8143933578322,6842,TECH
2023-10-18,519.6777014481428,7478,TECH
2023-10-19,528.5606867369947,4444,TECH
2023-10-20,534.2677245025995,2683,TECH
2023-10-21,538.126465955945,6101,TECH
2023-10-22,542.9094117598897,9813,TECH
2023-10-23,530.9000021212387,2032,TECH
2023-10-24,526.6201630479667,4294,TECH
2023-10-25,499.83953955637224,3644,TECH
2023-10-26,521.9871797323933,8639,TECH
2023-10-27,534.5350050945933,5318,TECH
2023-10-28,515.5113399957738,7927,TECH
2023-10-29,522.1560393791829,2731,TECH
2023-10-30,528.894599477319,7557,TECH
2023-10-31,543.631075284689,6768,TECH
2023-11-01,538.258689833815,6505,TECH
2023-11-02,543.1777180957523,2220,TECH
2023-11-03,532.0948725435952,5410,TECH
2023-11-04,545.9360672709918,9855,TECH
2023-11-05,540.2514941260486,7605,TECH
2023-11-06,531.3244135779005,8717,TECH
2023-11-07,539.3391620084781,2340,TECH
2023-11-08,539.3675973029998,7286,TECH
2023-11-09,552.0242170718527,2357,TECH
2023-11-10,556.7744549249041,2877,TECH
2023-11-11,559.5628198085028,4804,TECH
2023-11-12,544.0626010458047,8054,TECH
2023-11-13,534.9321661290762,5274,TECH
2023-11-14,526.6573982307702,6567,TECH
2023-11-15,547.8539730903601,3319,TECH
2023-11-16,549.0412327507914,2924,TECH
2023-11-17,559.3698383505055,1428,TECH
2023-11-18,564.9299173032944,8706,TECH
2023-11-19,578.0696785513338,9864,TECH
2023-11-20,591.0565592797404,9539,TECH
2023-11-21,576.9626811825655,2400,TECH
2023-11-22,584.1582059727147,4796,TECH
2023-11-23,574.5326280782211,9047,TECH
2023-11-24,575.4453863221387,4488,TECH
2023-11-25,580.2163132291035,9856,TECH
2023-11-26,600.8707088953649,4788,TECH
2023-11-27,604.4439631175604,8910,TECH
2023-11-28,595.4715880715926,4486,TECH
2023-11-29,615.1033574064986,7385,TECH
2023-11-30,608.5379425243182,4061,TECH
2023-12-01,633.8108912038866,1037,TECH
2023-12-02,637.6923613755977,6175,TECH
2023-12-03,633.7094885653898,1461,TECH
2023-12-04,641.2587255171239,7586,TECH
2023-12-05,627.1744034322162,4548,TECH
2023-12-06,620.1589191309355,8407,TECH
2023-12-07,615.7052642860831,3191,TECH
2023-12-08,613.5715809705944,3949,TECH
2023-12-09,594.2359679061954,3676,TECH
2023-12-10,596.8789828787588,9287,TECH
2023-12-11,587.8072714894774,9570,TECH
2023-12-12,606.275305405435,6298,TECH
2023-12-13,618.8149894650969,4931,TECH
2023-12-14,616.5788592026113,1665,TECH
2023-12-15,630.8264238803972,7440,TECH
2023-12-16,614.5701575571518,9867,TECH
2023-12-17,603.1001589115714,8385,TECH
2023-12-18,575.5135390169849,1915,TECH
2023-12-19,558.8086523682862,9904,TECH
2023-12-20,548.7492314654393,3057,TECH
2023-12-21,570.1231144551695,9704,TECH
2023-12-22,577.4865874911848,3538,TECH
2023-12-23,589.9459361096332,7486,TECH
2023-12-24,590.9324774181191,8048,TECH
2023-12-25,615.0460602709469,8997,TECH
2023-12-26,604.2940841013832,9968,TECH
2023-12-27,599.8502308491943,7890,TECH
2023-12-28,610.8378348560966,5943,TECH
2023-12-29,618.1931487171108,8768,TECH
2023-12-30,627.4627115369369,7602,TECH
2023-12-31,635.0203987293821,8208,TECH
